,,,,,,,,,,,,,,,,,,,,,
,,,,,,,,,,,,,,,,,,,,,
symbol,bidsize,bid,,ask,asksize,last,chg%,Strike,last VI,last VE,open,high,low,close,volume,nomvolume,lastupdate,Promedio,underlying,,
GGAL,483,"6.105,00",STOCK,"6115,00",8.234,"6105,00","-1,85%",,,,"6.190,00","6.220,00","6.000,00","6.220,00",13.548.022.880,2.210.245,16:10:08,"6129,65",,,
,,,,,,,,,,,,,,,,,,,,Precio GGAL,Volumen Total GGAL
GFGC43487J,4,"1863,540",CALL,"1917,450",10,"0,000","0,00%","4348,7",,,0,0,0,"2023,06",0,0,,,6.105,"6.105,00",13.548.022.880
GFGC4574JU,4,"1644,920",CALL,"1699,240",10,"1738,000","-4,53%","4574,0","75,48%","3,4%","1749,35","1749,35",1738,"1820,553",1.392.670,8,12:21:51,"1740,838",6.105,Volumen CALLS,Volumen PUTS
GFGC4774JU,4,"1450,860",CALL,"1505,530",10,"1505,530","-8,04%","4774,0","56,75%","2,9%",1640,1640,"1500,52","1637,17",23.941.425,157,14:53:03,"1524,932",6.105,1.297.872.400,1.172.840.878
GFGC5000JU,4,"1231,570",CALL,"1286,640",10,"1276,620","-8,40%","5000,0","46,24%","2,8%","1351,79","1366,83","1256,57","1393,7",18.841.775,146,16:07:25,"1290,533",6.105,,
GFGC5174JU,18,"1010,000",CALL,"0,000",0,"0,000","0,00%","5174,0",,,0,0,0,"1307,514",0,0,,,6.105,Vencimiento,19/06/2026 
GFGC5374JU,16,"890,200",CALL,"996,034",1,"0,000","0,00%","5374,0",,,0,0,0,1020,0,0,,,6.105,Plazo al Vto. (días),46
GFGC55487J,1,"800,000",CALL,"858,999",1,"865,000","-3,57%","5548,7","51,46%","5,1%",800,890,800,897,1.944.000,24,14:00:05,"810,000",6.105,Plazo al Vto. (years),"0,1260"
GFGC5774JU,6,"651,517",CALL,"698,000",9,"628,286","-13,20%","5774,0","39,36%","4,9%","711,314","715,24","628,286","723,814",490.010,7,12:35:41,"700,014",6.105,TLR,"22,20%"
GFGC5974JU,10,"545,000",CALL,"550,000",10,"550,000","-11,28%","5974,0","45,59%","6,9%","599,999","600,01",510,"619,946",75.447.765,1.357,16:08:50,"555,989",6.105,Precio Acción,
GFGC61487J,18,"440,000",CALL,"455,359",1,"445,000","-14,21%","6148,7","44,30%","7,3%",472,"535,352",400,"518,706",88.689.550,1.909,16:08:45,"464,586",6.105,Costo Financiero al Vto $,
GFGC63487J,100,"345,500",CALL,"357,980",1,"345,100","-15,54%","6348,7","43,56%","5,7%",400,"407,38",315,"408,592",102.839.902,2.823,16:06:24,"364,293",6.105,Costo Financiero al Vto %,
GFGC65487J,3,"261,110",CALL,"274,990",1,"270,000","-14,85%","6548,7","43,91%","4,4%",300,320,"235,001","317,104",174.587.439,6.166,16:09:01,"283,145",6.105,CAUCIÓN,"22,20%"
GFGC67487J,7,"203,000",CALL,"205,480",1,"205,500","-14,87%","6748,7","43,83%","3,4%",242,260,189,"241,389",351.842.219,15.923,16:08:53,"220,965",6.105,,
GFGC6974JU,2,"145,100",CALL,"147,000",4,"146,999","-15,78%","6974,0","43,58%","2,4%",130,"190,365",100,"174,548",126.050.102,8.081,16:08:16,"155,983",6.105,,
GFGC71487J,3,"111,000",CALL,"111,960",1,"111,000","-17,78%","7148,7","43,30%","1,8%",78,155,78,"135,008",155.105.040,12.444,16:09:56,"124,642",6.105,,
GFGC73487J,10,"78,210",CALL,"80,450",5,"80,450","-18,37%","7348,7","43,27%","1,3%",93,105,"70,1","98,558",44.533.700,5.494,16:10:04,"81,059",6.105,,
GFGC75241J,1,"58,520",CALL,"59,840",3,"58,520","-18,45%","7524,1","42,94%","1,0%","59,98","76,999",50,"71,758",88.270.356,14.007,16:09:55,"63,019",6.105,,
GFGC77487J,16,"39,210",CALL,"39,500",1,"39,999","-19,91%","7748,7","43,08%","0,7%",44,"52,99","39,05","49,945",21.706.842,4.955,16:07:54,"43,808",6.105,,
GFGC79487J,5,"27,001",CALL,"28,489",1,"27,500","-23,58%","7948,7","42,96%","0,5%",32,40,27,"35,985",12.517.265,3.993,16:07:32,"31,348",6.105,,
GFGC82487J,1,"16,701",CALL,"17,599",28,"16,701","-21,89%","8248,7","43,50%","0,3%","15,055",23,"15,055","21,382",4.869.226,2.550,16:06:33,"19,095",6.105,,
GFGC85241J,16,"10,020",CALL,"11,278",23,"11,279","-14,45%","8524,1","44,50%","0,2%",11,"13,999","9,67","13,184",1.091.156,959,15:52:03,"11,378",6.105,,
GFGC88241J,10,"7,301",CALL,"7,900",25,"7,950","-16,94%","8824,1","46,00%","0,1%","9,5",10,"7,198","9,571",592.083,718,16:08:40,"8,246",6.105,,
GFGC91241J,25,"5,600",CALL,"5,990",5,"5,990","-20,17%","9124,1","47,75%","0,1%",7,8,"5,205","7,503",1.744.343,2.894,16:09:37,"6,027",6.105,,
GFGC9474JU,10,"4,220",CALL,"5,499",20,"5,000","-18,33%","9474,0","50,54%","0,1%",6,"6,4","4,355","6,122",142.174,267,16:07:15,"5,325",6.105,,
GFGC10524J,1,"3,250",CALL,"3,379",20,"3,380","-13,58%","10524,0","58,46%","0,1%",4,"4,25","3,111","3,911",305.113,846,16:08:39,"3,607",6.105,,
GFGC10924J,13,"2,560",CALL,"2,815",20,"2,550","-28,29%","10924,0","60,14%","0,0%","3,99","3,99","2,51","3,556",475.391,1.577,16:09:37,"3,015",6.105,,
GFGC11324J,1,"2,421",CALL,"2,500",20,"2,421","-27,41%","11324,0","63,14%","0,0%",2,"3,188",2,"3,335",452.855,1.656,16:09:56,"2,735",6.105,,
,,,CALL,,,"0,000","0,00%",,,,,,,,,,,,6.105,,
,,,CALL,,,"0,000","0,00%",,,,,,,,,,,,6.105,,
,,,,,,"0,000","0,00%",,,,,,,,,,,,,,
,,,,,,"0,000","0,00%",,,,,,,,,,,,,,
,,,,,,"0,000","0,00%",,,,,,,,,,,,,,
,,,,,,"0,000","0,00%",,,,,,,,,,,,,,
,,,,,,"0,000","0,00%",,,,,,,,,,,,,,
,,,,,,"0,000","0,00%",,,,,,,,,,,,,,
,,,,,,"0,000","0,00%",,,,,,,,,,,,,,
,,,,,,"0,000","0,00%",,,,,,,,,,,,,,
,,,,,,"0,000","0,00%",,,,,,,,,,,,,,
,,,,,,"0,000","0,00%",,,,,,,,,,,,,,
,,,,,,"0,000","0,00%",,,,,,,,,,,,,,
,,,,,,"0,000","0,00%",,,,,,,,,,,,,,
,,,,,,"0,000","0,00%",,,,,,,,,,,,,,
,,,,,,"0,000","0,00%",,,,,,,,,,,,,,
,,,,,,"0,000","0,00%",,,,,,,,,,,,,,
,,,,,,"0,000","0,00%",,,,,,,,,,,,,,
,,,,,,"0,000","0,00%",,,,,,,,,,,,,,
,,,,,,"0,000","0,00%",,,,,,,,,,,,,,
,,,,,,"0,000","0,00%",,,,,,,,,,,,,,
,,,,,,"0,000","0,00%",,,,,,,,,,,,,,
,,,,,,"0,000","0,00%",,,,,,,,,,,,,,
GFGV43487J,295,"3,400",PUT,"3,480",23,"3,400","8,83%","4348,7","45,80%","0,1%","3,75",5,"3,101","3,124",698.152,1.903,16:08:01,"3,669",6.105,,
GFGV4574JU,27,"5,500",PUT,"5,790",7,"5,839","16,15%","4574,0","43,38%","0,1%","5,5","7,5",5,"5,027",789.398,1.254,16:08:58,"6,295",6.105,,
GFGV4774JU,8,"10,000",PUT,"10,350",13,"10,000","16,81%","4774,0","41,79%","0,2%","10,99","12,9","9,16","8,561",2.676.106,2.441,16:09:33,"10,963",6.105,,
GFGV5000JU,30,"18,001",PUT,"20,300",8,"18,000","27,56%","5000,0","40,09%","0,3%","22,5",92,"13,5","14,111",2.060.128,1.067,15:55:31,"19,308",6.105,,
GFGV5174JU,5,"30,700",PUT,"32,945",1,"32,945","37,78%","5174,0","40,53%","0,5%",29,"36,147","19,2","23,911",6.205.697,2.079,15:52:19,"29,849",6.105,,
GFGV5374JU,2,"56,000",PUT,"57,000",8,"59,000","45,37%","5374,0","40,80%","1,0%",40,63,"39,5","40,586",14.990.383,2.907,16:04:11,"51,567",6.105,,
GFGV55487J,8,"86,155",PUT,"89,700",5,"89,800","36,24%","5548,7","40,62%","1,5%","65,001",100,"55,001","65,914",35.389.775,4.114,16:09:12,"86,023",6.105,,
GFGV5774JU,12,"144,100",PUT,"146,000",31,"144,100","38,09%","5774,0","40,24%","2,4%",135,"178,999","100,001","104,35",51.444.173,3.789,16:10:05,"135,772",6.105,,
GFGV5974JU,11,"213,100",PUT,"215,000",158,"215,000","33,52%","5974,0","40,68%","3,5%",190,232,171,"161,019",256.429.214,12.772,16:09:46,"200,775",6.105,,
GFGV61487J,1,"288,000",PUT,"291,980",3,"287,010","29,76%","6148,7","40,51%","4,0%",200,320,200,"221,187",160.705.691,5.706,16:07:01,"281,643",6.105,,
GFGV63487J,5,"380,000",PUT,"393,990",1,"385,000","22,29%","6348,7","40,25%","2,3%",330,"475,432",315,"314,814",92.973.974,2.440,16:08:47,"381,041",6.105,,
GFGV65487J,5,"513,500",PUT,"516,000",51,"514,000","21,39%","6548,7","41,67%","1,2%",440,550,440,"423,421",176.523.412,3.599,16:08:58,"490,479",6.105,,
GFGV67487J,194,"655,000",PUT,"664,000",1,"655,010","23,22%","6748,7","42,83%","0,2%",630,695,590,"531,565",238.273.970,3.797,16:06:57,"627,532",6.105,,
GFGV6974JU,2,"845,010",PUT,"885,000",4,"889,000","19,17%","6974,0","52,31%","0,3%","768,49","897,99","768,49","746,015",67.141.419,815,16:07:10,"823,821",6.105,,
GFGV71487J,26,"1021,000",PUT,"1040,000",1,"1021,000","16,89%","7148,7","52,57%","-0,4%",1020,1050,920,"873,464",31.909.803,321,16:06:41,"994,075",6.105,,
GFGV73487J,17,"1140,000",PUT,"1282,850",6,"1150,000","8,39%","7348,7","48,19%","-1,5%",1000,"1195,55",1000,1061,3.297.610,29,16:04:29,"1137,107",6.105,,
GFGV75241J,1,"1373,920",PUT,"1504,420",3,"1400,000","8,11%","7524,1","64,82%","-0,3%",1300,1415,1300,"1295,004",27.180.277,202,15:22:11,"1345,558",6.105,,
GFGV77487J,1,"1440,550",PUT,"1709,570",1,"1457,140","27,26%","7748,7","39,32%","-3,1%",1500,1500,"1373,82",1145,4.151.696,28,12:34:03,"1482,749",6.105,,
GFGV79487J,23,"1606,000",PUT,"1899,380",1,"0,000","0,00%","7948,7",,,0,0,0,"1446,36",0,0,,,6.105,,
GFGV82487J,18,"1800,000",PUT,"2189,750",4,"0,000","0,00%","8248,7",,,0,0,0,"1298,9",0,0,,,6.105,,
GFGV85241J,5,"2144,450",PUT,"2460,000",4,"0,000","0,00%","8524,1",,,0,0,0,0,0,0,,,6.105,,
GFGV88241J,5,"2431,740",PUT,"2757,920",4,"0,000","0,00%","8824,1",,,0,0,0,0,0,0,,,6.105,,
GFGV91241J,5,"2720,050",PUT,"3057,310",4,"0,000","0,00%","9124,1",,,0,0,0,0,0,0,,,6.105,,
GFGV9474JU,5,"3056,920",PUT,"3408,250",4,"0,000","0,00%","9474,0",,,0,0,0,0,0,0,,,6.105,,
GFGV10524J,0,"0,000",PUT,"0,000",0,"0,000","0,00%","10524,0",,,0,0,0,"3503,983",0,0,,,6.105,,
GFGV10924J,0,"0,000",PUT,"0,000",0,"0,000","0,00%","10924,0",,,0,0,0,"3843,248",0,0,,,6.105,,
GFGV11324J,0,"0,000",PUT,"0,000",0,"0,000","0,00%","11324,0",,,0,0,0,0,0,0,,,6.105,,
,,,PUT,,,"0,000","0,00%",,,,,,,,,,,,6.105,,
,,,PUT,,,"0,000","0,00%",,,,,,,,,,,,6.105,,